tahun,bulan,kecamatan,Timbulan_Sampah_Ton,jenis
2020,1,Ajung,32.16,Ground Truth
2020,1,Arjasa,79.55,Ground Truth
2020,1,Kalisat,157.28,Ground Truth
2020,1,Kaliwates,1573.79,Ground Truth
2020,1,Mayang,74.53,Ground Truth
2020,1,Pakusari,50.02,Ground Truth
2020,1,Patrang,619.84,Ground Truth
2020,1,Rambipuji,8.67,Ground Truth
2020,1,Sukowono,40.95,Ground Truth
2020,1,Sumbersari,1029.62,Ground Truth
2020,2,Ajung,25.84,Ground Truth
2020,2,Arjasa,78.07,Ground Truth
2020,2,Kalisat,153.72,Ground Truth
2020,2,Kaliwates,1576.58,Ground Truth
2020,2,Mayang,76.04,Ground Truth
2020,2,Pakusari,21.96,Ground Truth
2020,2,Patrang,619.72,Ground Truth
2020,2,Rambipuji,18.88,Ground Truth
2020,2,Sukowono,38.29,Ground Truth
2020,2,Sumbersari,1007.86,Ground Truth
2020,3,Ajung,31.45,Ground Truth
2020,3,Arjasa,80.79,Ground Truth
2020,3,Kalisat,167.36,Ground Truth
2020,3,Kaliwates,1661.01,Ground Truth
2020,3,Mayang,68.29,Ground Truth
2020,3,Pakusari,41.52,Ground Truth
2020,3,Patrang,637.58,Ground Truth
2020,3,Rambipuji,174.53,Ground Truth
2020,3,Sukowono,43.96,Ground Truth
2020,3,Sumbersari,1073.38,Ground Truth
2020,4,Ajung,34.81,Ground Truth
2020,4,Arjasa,65.6,Ground Truth
2020,4,Kalisat,144.16,Ground Truth
2020,4,Kaliwates,1537.7,Ground Truth
2020,4,Mayang,68.33,Ground Truth
2020,4,Pakusari,44.44,Ground Truth
2020,4,Patrang,563.81,Ground Truth
2020,4,Rambipuji,135.17,Ground Truth
2020,4,Sukowono,41.5,Ground Truth
2020,4,Sumbersari,938.68,Ground Truth
2020,5,Ajung,50.37,Ground Truth
2020,5,Arjasa,68.17,Ground Truth
2020,5,Kalisat,156.56,Ground Truth
2020,5,Kaliwates,1576.03,Ground Truth
2020,5,Mayang,49.71,Ground Truth
2020,5,Pakusari,39.09,Ground Truth
2020,5,Patrang,588.82,Ground Truth
2020,5,Rambipuji,137.32,Ground Truth
2020,5,Sukowono,38.82,Ground Truth
2020,5,Sumbersari,943.23,Ground Truth
2020,6,Ajung,39.63,Ground Truth
2020,6,Arjasa,71.7,Ground Truth
2020,6,Kalisat,158.41,Ground Truth
2020,6,Kaliwates,1514.11,Ground Truth
2020,6,Mayang,57.51,Ground Truth
2020,6,Pakusari,39.63,Ground Truth
2020,6,Patrang,562.15,Ground Truth
2020,6,Rambipuji,37.19,Ground Truth
2020,6,Sukowono,42.95,Ground Truth
2020,6,Sumbersari,892.24,Ground Truth
2020,7,Ajung,45.13,Ground Truth
2020,7,Arjasa,86.44,Ground Truth
2020,7,Kalisat,151.24,Ground Truth
2020,7,Kaliwates,1504.17,Ground Truth
2020,7,Mayang,64.3,Ground Truth
2020,7,Pakusari,37.71,Ground Truth
2020,7,Patrang,592.66,Ground Truth
2020,7,Rambipuji,33.05,Ground Truth
2020,7,Sukowono,38.6,Ground Truth
2020,7,Sumbersari,942.81,Ground Truth
2020,8,Ajung,36.46,Ground Truth
2020,8,Arjasa,70.05,Ground Truth
2020,8,Kalisat,169.58,Ground Truth
2020,8,Kaliwates,1699.09,Ground Truth
2020,8,Mayang,63.61,Ground Truth
2020,8,Pakusari,38.17,Ground Truth
2020,8,Patrang,634.53,Ground Truth
2020,8,Rambipuji,152.19,Ground Truth
2020,8,Sukowono,45.03,Ground Truth
2020,8,Sumbersari,1005.0,Ground Truth
2020,9,Ajung,26.89,Ground Truth
2020,9,Arjasa,77.74,Ground Truth
2020,9,Kalisat,152.65,Ground Truth
2020,9,Kaliwates,1624.21,Ground Truth
2020,9,Mayang,75.48,Ground Truth
2020,9,Pakusari,40.48,Ground Truth
2020,9,Patrang,619.71,Ground Truth
2020,9,Rambipuji,159.0,Ground Truth
2020,9,Sukowono,42.33,Ground Truth
2020,9,Sumbersari,977.37,Ground Truth
2020,10,Ajung,22.29,Ground Truth
2020,10,Arjasa,98.63,Ground Truth
2020,10,Kalisat,179.78,Ground Truth
2020,10,Kaliwates,1829.76,Ground Truth
2020,10,Mayang,72.46,Ground Truth
2020,10,Pakusari,46.24,Ground Truth
2020,10,Patrang,714.35,Ground Truth
2020,10,Rambipuji,180.51,Ground Truth
2020,10,Sukowono,46.68,Ground Truth
2020,10,Sumbersari,1113.84,Ground Truth
2020,11,Ajung,31.2,Ground Truth
2020,11,Arjasa,91.04,Ground Truth
2020,11,Kalisat,190.56,Ground Truth
2020,11,Kaliwates,1821.49,Ground Truth
2020,11,Mayang,87.74,Ground Truth
2020,11,Pakusari,52.18,Ground Truth
2020,11,Patrang,716.68,Ground Truth
2020,11,Rambipuji,58.14,Ground Truth
2020,11,Sukowono,55.4,Ground Truth
2020,11,Sumbersari,1116.67,Ground Truth
2020,12,Ajung,20.94,Ground Truth
2020,12,Arjasa,58.64,Ground Truth
2020,12,Kalisat,230.81,Ground Truth
2020,12,Kaliwates,1856.71,Ground Truth
2020,12,Mayang,83.49,Ground Truth
2020,12,Pakusari,56.25,Ground Truth
2020,12,Patrang,749.03,Ground Truth
2020,12,Rambipuji,144.04,Ground Truth
2020,12,Sukowono,22.32,Ground Truth
2020,12,Sumbersari,1140.58,Ground Truth
2021,1,Ajung,28.74,Ground Truth
2021,1,Arjasa,105.31,Ground Truth
2021,1,Kalisat,191.12,Ground Truth
2021,1,Kaliwates,1883.47,Ground Truth
2021,1,Mayang,89.5,Ground Truth
2021,1,Pakusari,50.44,Ground Truth
2021,1,Patrang,740.92,Ground Truth
2021,1,Rambipuji,137.84,Ground Truth
2021,1,Sukowono,47.32,Ground Truth
2021,1,Sumbersari,1149.41,Ground Truth
2021,2,Ajung,24.33,Ground Truth
2021,2,Arjasa,76.75,Ground Truth
2021,2,Kalisat,159.85,Ground Truth
2021,2,Kaliwates,1597.6,Ground Truth
2021,2,Mayang,57.8,Ground Truth
2021,2,Pakusari,40.51,Ground Truth
2021,2,Patrang,624.72,Ground Truth
2021,2,Rambipuji,163.26,Ground Truth
2021,2,Sukowono,46.93,Ground Truth
2021,2,Sumbersari,939.22,Ground Truth
2021,3,Ajung,25.74,Ground Truth
2021,3,Arjasa,88.74,Ground Truth
2021,3,Kalisat,205.44,Ground Truth
2021,3,Kaliwates,1863.92,Ground Truth
2021,3,Mayang,76.53,Ground Truth
2021,3,Pakusari,50.37,Ground Truth
2021,3,Patrang,700.91,Ground Truth
2021,3,Rambipuji,176.0,Ground Truth
2021,3,Sukowono,51.98,Ground Truth
2021,3,Sumbersari,1050.02,Ground Truth
2021,4,Ajung,35.1,Ground Truth
2021,4,Arjasa,75.97,Ground Truth
2021,4,Kalisat,170.8,Ground Truth
2021,4,Kaliwates,1714.33,Ground Truth
2021,4,Mayang,69.93,Ground Truth
2021,4,Pakusari,52.8,Ground Truth
2021,4,Patrang,663.55,Ground Truth
2021,4,Rambipuji,173.31,Ground Truth
2021,4,Sukowono,55.71,Ground Truth
2021,4,Sumbersari,1013.54,Ground Truth
2021,5,Ajung,24.24,Ground Truth
2021,5,Arjasa,70.02,Ground Truth
2021,5,Kalisat,172.05,Ground Truth
2021,5,Kaliwates,1794.96,Ground Truth
2021,5,Mayang,59.02,Ground Truth
2021,5,Pakusari,44.63,Ground Truth
2021,5,Patrang,684.52,Ground Truth
2021,5,Rambipuji,126.67,Ground Truth
2021,5,Sukowono,55.9,Ground Truth
2021,5,Sumbersari,1032.34,Ground Truth
2021,6,Ajung,21.82,Ground Truth
2021,6,Arjasa,91.41,Ground Truth
2021,6,Kalisat,165.54,Ground Truth
2021,6,Kaliwates,1847.86,Ground Truth
2021,6,Mayang,72.84,Ground Truth
2021,6,Pakusari,40.24,Ground Truth
2021,6,Patrang,690.81,Ground Truth
2021,6,Rambipuji,149.23,Ground Truth
2021,6,Sukowono,61.35,Ground Truth
2021,6,Sumbersari,1100.84,Ground Truth
2021,7,Ajung,23.7,Ground Truth
2021,7,Arjasa,60.56,Ground Truth
2021,7,Kalisat,158.07,Ground Truth
2021,7,Kaliwates,1698.87,Ground Truth
2021,7,Mayang,80.59,Ground Truth
2021,7,Pakusari,33.4,Ground Truth
2021,7,Patrang,649.72,Ground Truth
2021,7,Rambipuji,102.14,Ground Truth
2021,7,Sukowono,58.87,Ground Truth
2021,7,Sumbersari,1034.8,Ground Truth
2021,8,Ajung,14.53,Ground Truth
2021,8,Arjasa,83.41,Ground Truth
2021,8,Kalisat,174.13,Ground Truth
2021,8,Kaliwates,1892.0,Ground Truth
2021,8,Mayang,67.58,Ground Truth
2021,8,Pakusari,43.0,Ground Truth
2021,8,Patrang,671.39,Ground Truth
2021,8,Rambipuji,76.48,Ground Truth
2021,8,Sukowono,66.55,Ground Truth
2021,8,Sumbersari,1098.31,Ground Truth
2021,9,Ajung,12.1,Ground Truth
2021,9,Arjasa,80.97,Ground Truth
2021,9,Kalisat,174.85,Ground Truth
2021,9,Kaliwates,1882.18,Ground Truth
2021,9,Mayang,65.8,Ground Truth
2021,9,Pakusari,41.53,Ground Truth
2021,9,Patrang,688.83,Ground Truth
2021,9,Rambipuji,85.6,Ground Truth
2021,9,Sukowono,65.6,Ground Truth
2021,9,Sumbersari,1070.72,Ground Truth
2021,10,Ajung,32.47,Ground Truth
2021,10,Arjasa,90.04,Ground Truth
2021,10,Kalisat,183.68,Ground Truth
2021,10,Kaliwates,1923.27,Ground Truth
2021,10,Mayang,66.29,Ground Truth
2021,10,Pakusari,44.47,Ground Truth
2021,10,Patrang,691.43,Ground Truth
2021,10,Rambipuji,68.79,Ground Truth
2021,10,Sukowono,75.72,Ground Truth
2021,10,Sumbersari,1134.69,Ground Truth
2021,11,Ajung,26.28,Ground Truth
2021,11,Arjasa,89.25,Ground Truth
2021,11,Kalisat,200.0,Ground Truth
2021,11,Kaliwates,2195.77,Ground Truth
2021,11,Mayang,81.22,Ground Truth
2021,11,Pakusari,46.75,Ground Truth
2021,11,Patrang,783.22,Ground Truth
2021,11,Rambipuji,161.94,Ground Truth
2021,11,Sukowono,82.24,Ground Truth
2021,11,Sumbersari,1297.58,Ground Truth
2021,12,Ajung,35.15,Ground Truth
2021,12,Arjasa,110.28,Ground Truth
2021,12,Kalisat,209.79,Ground Truth
2021,12,Kaliwates,2130.4,Ground Truth
2021,12,Mayang,71.79,Ground Truth
2021,12,Pakusari,46.95,Ground Truth
2021,12,Patrang,786.94,Ground Truth
2021,12,Rambipuji,168.7,Ground Truth
2021,12,Sukowono,74.22,Ground Truth
2021,12,Sumbersari,1306.17,Ground Truth
2022,1,Ajung,239.33,Ground Truth
2022,1,Arjasa,107.2,Ground Truth
2022,1,Kalisat,234.71,Ground Truth
2022,1,Kaliwates,2218.2,Ground Truth
2022,1,Mayang,121.72,Ground Truth
2022,1,Pakusari,43.07,Ground Truth
2022,1,Patrang,903.25,Ground Truth
2022,1,Rambipuji,318.66,Ground Truth
2022,1,Sukowono,108.75,Ground Truth
2022,1,Sumbersari,1487.3,Ground Truth
2022,2,Ajung,300.79,Ground Truth
2022,2,Arjasa,120.52,Ground Truth
2022,2,Kalisat,240.38,Ground Truth
2022,2,Kaliwates,2552.56,Ground Truth
2022,2,Mayang,161.6,Ground Truth
2022,2,Pakusari,82.07,Ground Truth
2022,2,Patrang,830.12,Ground Truth
2022,2,Rambipuji,336.02,Ground Truth
2022,2,Sukowono,121.42,Ground Truth
2022,2,Sumbersari,1418.06,Ground Truth
2022,3,Ajung,206.46,Ground Truth
2022,3,Arjasa,116.05,Ground Truth
2022,3,Kalisat,202.92,Ground Truth
2022,3,Kaliwates,2283.01,Ground Truth
2022,3,Mayang,108.4,Ground Truth
2022,3,Pakusari,44.0,Ground Truth
2022,3,Patrang,951.36,Ground Truth
2022,3,Rambipuji,141.39,Ground Truth
2022,3,Sukowono,101.14,Ground Truth
2022,3,Sumbersari,1444.56,Ground Truth
2022,4,Ajung,308.12,Ground Truth
2022,4,Arjasa,117.44,Ground Truth
2022,4,Kalisat,238.7,Ground Truth
2022,4,Kaliwates,2043.02,Ground Truth
2022,4,Mayang,142.32,Ground Truth
2022,4,Pakusari,46.39,Ground Truth
2022,4,Patrang,940.73,Ground Truth
2022,4,Rambipuji,256.0,Ground Truth
2022,4,Sukowono,85.99,Ground Truth
2022,4,Sumbersari,1272.88,Ground Truth
2022,5,Ajung,341.84,Ground Truth
2022,5,Arjasa,129.5,Ground Truth
2022,5,Kalisat,238.83,Ground Truth
2022,5,Kaliwates,2410.84,Ground Truth
2022,5,Mayang,114.51,Ground Truth
2022,5,Pakusari,43.19,Ground Truth
2022,5,Patrang,997.38,Ground Truth
2022,5,Rambipuji,355.76,Ground Truth
2022,5,Sukowono,102.03,Ground Truth
2022,5,Sumbersari,1464.69,Ground Truth
2022,6,Ajung,295.31,Ground Truth
2022,6,Arjasa,106.81,Ground Truth
2022,6,Kalisat,199.94,Ground Truth
2022,6,Kaliwates,2577.35,Ground Truth
2022,6,Mayang,110.17,Ground Truth
2022,6,Pakusari,43.77,Ground Truth
2022,6,Patrang,890.94,Ground Truth
2022,6,Rambipuji,276.02,Ground Truth
2022,6,Sukowono,94.02,Ground Truth
2022,6,Sumbersari,1512.72,Ground Truth
2022,7,Ajung,294.31,Ground Truth
2022,7,Arjasa,107.15,Ground Truth
2022,7,Kalisat,224.09,Ground Truth
2022,7,Kaliwates,2575.6,Ground Truth
2022,7,Mayang,125.71,Ground Truth
2022,7,Pakusari,41.14,Ground Truth
2022,7,Patrang,973.57,Ground Truth
2022,7,Rambipuji,300.29,Ground Truth
2022,7,Sukowono,98.11,Ground Truth
2022,7,Sumbersari,1434.4,Ground Truth
2022,8,Ajung,361.68,Ground Truth
2022,8,Arjasa,129.2,Ground Truth
2022,8,Kalisat,274.45,Ground Truth
2022,8,Kaliwates,2535.63,Ground Truth
2022,8,Mayang,147.87,Ground Truth
2022,8,Pakusari,60.22,Ground Truth
2022,8,Patrang,1000.37,Ground Truth
2022,8,Rambipuji,184.11,Ground Truth
2022,8,Sukowono,141.18,Ground Truth
2022,8,Sumbersari,1327.16,Ground Truth
2022,9,Ajung,294.6,Ground Truth
2022,9,Arjasa,107.01,Ground Truth
2022,9,Kalisat,217.37,Ground Truth
2022,9,Kaliwates,2447.93,Ground Truth
2022,9,Mayang,105.74,Ground Truth
2022,9,Pakusari,41.86,Ground Truth
2022,9,Patrang,943.56,Ground Truth
2022,9,Rambipuji,297.72,Ground Truth
2022,9,Sukowono,95.58,Ground Truth
2022,9,Sumbersari,1458.28,Ground Truth
2022,10,Ajung,244.21,Ground Truth
2022,10,Arjasa,142.96,Ground Truth
2022,10,Kalisat,256.54,Ground Truth
2022,10,Kaliwates,2478.92,Ground Truth
2022,10,Mayang,128.09,Ground Truth
2022,10,Pakusari,49.73,Ground Truth
2022,10,Patrang,1029.49,Ground Truth
2022,10,Rambipuji,202.36,Ground Truth
2022,10,Sukowono,19.55,Ground Truth
2022,10,Sumbersari,1440.96,Ground Truth
2022,11,Ajung,222.67,Ground Truth
2022,11,Arjasa,135.45,Ground Truth
2022,11,Kalisat,205.05,Ground Truth
2022,11,Kaliwates,2361.88,Ground Truth
2022,11,Mayang,83.21,Ground Truth
2022,11,Pakusari,53.85,Ground Truth
2022,11,Patrang,1017.17,Ground Truth
2022,11,Rambipuji,193.27,Ground Truth
2022,11,Sukowono,23.33,Ground Truth
2022,11,Sumbersari,1480.3,Ground Truth
2022,12,Ajung,289.29,Ground Truth
2022,12,Arjasa,103.34,Ground Truth
2022,12,Kalisat,230.13,Ground Truth
2022,12,Kaliwates,2282.09,Ground Truth
2022,12,Mayang,126.75,Ground Truth
2022,12,Pakusari,102.86,Ground Truth
2022,12,Patrang,1002.32,Ground Truth
2022,12,Rambipuji,244.39,Ground Truth
2022,12,Sukowono,31.12,Ground Truth
2022,12,Sumbersari,1684.06,Ground Truth
2023,1,Ajung,261.02,Ground Truth
2023,1,Arjasa,112.39,Ground Truth
2023,1,Kalisat,223.54,Ground Truth
2023,1,Kaliwates,2404.76,Ground Truth
2023,1,Mayang,126.1,Ground Truth
2023,1,Pakusari,104.07,Ground Truth
2023,1,Patrang,992.65,Ground Truth
2023,1,Rambipuji,274.86,Ground Truth
2023,1,Sukowono,51.12,Ground Truth
2023,1,Sumbersari,1672.793,Ground Truth
2023,2,Ajung,231.67,Ground Truth
2023,2,Arjasa,129.25,Ground Truth
2023,2,Kalisat,210.44,Ground Truth
2023,2,Kaliwates,2081.884,Ground Truth
2023,2,Mayang,96.58,Ground Truth
2023,2,Pakusari,44.94,Ground Truth
2023,2,Patrang,902.31,Ground Truth
2023,2,Rambipuji,236.15,Ground Truth
2023,2,Sukowono,49.21,Ground Truth
2023,2,Sumbersari,1306.4,Ground Truth
2023,3,Ajung,264.0,Ground Truth
2023,3,Arjasa,144.47,Ground Truth
2023,3,Kalisat,249.68,Ground Truth
2023,3,Kaliwates,2417.982,Ground Truth
2023,3,Mayang,118.8,Ground Truth
2023,3,Pakusari,43.62,Ground Truth
2023,3,Patrang,1058.82,Ground Truth
2023,3,Rambipuji,205.33,Ground Truth
2023,3,Sukowono,72.56,Ground Truth
2023,3,Sumbersari,1525.93,Ground Truth
2023,4,Ajung,241.49,Ground Truth
2023,4,Arjasa,129.37,Ground Truth
2023,4,Kalisat,213.06,Ground Truth
2023,4,Kaliwates,2206.411,Ground Truth
2023,4,Mayang,106.7,Ground Truth
2023,4,Pakusari,42.41,Ground Truth
2023,4,Patrang,938.45,Ground Truth
2023,4,Rambipuji,263.46,Ground Truth
2023,4,Sukowono,64.84,Ground Truth
2023,4,Sumbersari,1324.87,Ground Truth
2023,5,Ajung,226.98,Ground Truth
2023,5,Arjasa,134.56,Ground Truth
2023,5,Kalisat,218.97,Ground Truth
2023,5,Kaliwates,2416.91,Ground Truth
2023,5,Mayang,130.374,Ground Truth
2023,5,Pakusari,52.481,Ground Truth
2023,5,Patrang,861.292,Ground Truth
2023,5,Rambipuji,306.71,Ground Truth
2023,5,Sukowono,135.12,Ground Truth
2023,5,Sumbersari,1339.893,Ground Truth
2023,6,Ajung,237.46,Ground Truth
2023,6,Arjasa,141.06,Ground Truth
2023,6,Kalisat,195.64,Ground Truth
2023,6,Kaliwates,2392.803,Ground Truth
2023,6,Mayang,106.32,Ground Truth
2023,6,Pakusari,48.15,Ground Truth
2023,6,Patrang,916.85,Ground Truth
2023,6,Rambipuji,301.27,Ground Truth
2023,6,Sukowono,53.02,Ground Truth
2023,6,Sumbersari,1228.2,Ground Truth
2023,7,Ajung,200.86,Ground Truth
2023,7,Arjasa,122.42,Ground Truth
2023,7,Kalisat,190.12,Ground Truth
2023,7,Kaliwates,2410.483,Ground Truth
2023,7,Mayang,115.75,Ground Truth
2023,7,Pakusari,44.39,Ground Truth
2023,7,Patrang,968.76,Ground Truth
2023,7,Rambipuji,238.69,Ground Truth
2023,7,Sukowono,43.16,Ground Truth
2023,7,Sumbersari,1520.0,Ground Truth
2023,8,Ajung,256.12,Ground Truth
2023,8,Arjasa,137.24,Ground Truth
2023,8,Kalisat,212.78,Ground Truth
2023,8,Kaliwates,2323.732,Ground Truth
2023,8,Mayang,124.24,Ground Truth
2023,8,Pakusari,57.02,Ground Truth
2023,8,Patrang,999.82,Ground Truth
2023,8,Rambipuji,311.41,Ground Truth
2023,8,Sukowono,71.12,Ground Truth
2023,8,Sumbersari,1392.27,Ground Truth
2023,9,Ajung,243.4,Ground Truth
2023,9,Arjasa,147.03,Ground Truth
2023,9,Kalisat,231.97,Ground Truth
2023,9,Kaliwates,2247.744,Ground Truth
2023,9,Mayang,118.9,Ground Truth
2023,9,Pakusari,40.4,Ground Truth
2023,9,Patrang,993.92,Ground Truth
2023,9,Rambipuji,337.36,Ground Truth
2023,9,Sukowono,65.62,Ground Truth
2023,9,Sumbersari,1380.82,Ground Truth
2023,10,Ajung,255.39,Ground Truth
2023,10,Arjasa,141.52,Ground Truth
2023,10,Kalisat,226.5,Ground Truth
2023,10,Kaliwates,2308.039,Ground Truth
2023,10,Mayang,133.63,Ground Truth
2023,10,Pakusari,55.23,Ground Truth
2023,10,Patrang,964.91,Ground Truth
2023,10,Rambipuji,306.96,Ground Truth
2023,10,Sukowono,66.67,Ground Truth
2023,10,Sumbersari,1335.54,Ground Truth
2023,11,Ajung,255.29,Ground Truth
2023,11,Arjasa,155.98,Ground Truth
2023,11,Kalisat,220.12,Ground Truth
2023,11,Kaliwates,2187.23,Ground Truth
2023,11,Mayang,146.97,Ground Truth
2023,11,Pakusari,50.91,Ground Truth
2023,11,Patrang,996.41,Ground Truth
2023,11,Rambipuji,335.35,Ground Truth
2023,11,Sukowono,80.21,Ground Truth
2023,11,Sumbersari,1384.66,Ground Truth
2023,12,Ajung,248.19,Ground Truth
2023,12,Arjasa,160.1,Ground Truth
2023,12,Kalisat,238.86,Ground Truth
2023,12,Kaliwates,2428.238,Ground Truth
2023,12,Mayang,136.31,Ground Truth
2023,12,Pakusari,59.94,Ground Truth
2023,12,Patrang,958.49,Ground Truth
2023,12,Rambipuji,349.12,Ground Truth
2023,12,Sukowono,75.66,Ground Truth
2023,12,Sumbersari,1481.84,Ground Truth
2024,1,Ajung,246.92,Ground Truth
2024,1,Arjasa,106.62,Ground Truth
2024,1,Kalisat,219.03,Ground Truth
2024,1,Kaliwates,2287.07,Ground Truth
2024,1,Mayang,148.52,Ground Truth
2024,1,Pakusari,101.35,Ground Truth
2024,1,Patrang,942.46,Ground Truth
2024,1,Rambipuji,295.59,Ground Truth
2024,1,Sukowono,57.33,Ground Truth
2024,1,Sumbersari,1561.68,Ground Truth
2024,2,Ajung,259.12,Ground Truth
2024,2,Arjasa,134.52,Ground Truth
2024,2,Kalisat,219.87,Ground Truth
2024,2,Kaliwates,2114.33,Ground Truth
2024,2,Mayang,131.4,Ground Truth
2024,2,Pakusari,40.03,Ground Truth
2024,2,Patrang,846.7,Ground Truth
2024,2,Rambipuji,168.15,Ground Truth
2024,2,Sukowono,45.44,Ground Truth
2024,2,Sumbersari,1294.38,Ground Truth
2024,3,Ajung,269.0,Ground Truth
2024,3,Arjasa,148.51,Ground Truth
2024,3,Kalisat,236.85,Ground Truth
2024,3,Kaliwates,2268.96,Ground Truth
2024,3,Mayang,138.38,Ground Truth
2024,3,Pakusari,48.25,Ground Truth
2024,3,Patrang,965.55,Ground Truth
2024,3,Rambipuji,307.7,Ground Truth
2024,3,Sukowono,44.38,Ground Truth
2024,3,Sumbersari,1442.81,Ground Truth
2024,4,Ajung,258.5,Ground Truth
2024,4,Arjasa,150.27,Ground Truth
2024,4,Kalisat,233.86,Ground Truth
2024,4,Kaliwates,1967.63,Ground Truth
2024,4,Mayang,130.24,Ground Truth
2024,4,Pakusari,38.44,Ground Truth
2024,4,Patrang,858.05,Ground Truth
2024,4,Rambipuji,297.58,Ground Truth
2024,4,Sukowono,65.62,Ground Truth
2024,4,Sumbersari,1269.83,Ground Truth
2024,5,Ajung,274.37,Ground Truth
2024,5,Arjasa,151.23,Ground Truth
2024,5,Kalisat,236.46,Ground Truth
2024,5,Kaliwates,2237.93,Ground Truth
2024,5,Mayang,143.17,Ground Truth
2024,5,Pakusari,48.8,Ground Truth
2024,5,Patrang,1000.03,Ground Truth
2024,5,Rambipuji,403.3,Ground Truth
2024,5,Sukowono,61.4,Ground Truth
2024,5,Sumbersari,1456.81,Ground Truth
2024,6,Ajung,2777.44,Ground Truth
2024,6,Arjasa,139.46,Ground Truth
2024,6,Kalisat,223.69,Ground Truth
2024,6,Kaliwates,2083.05,Ground Truth
2024,6,Mayang,130.32,Ground Truth
2024,6,Pakusari,45.02,Ground Truth
2024,6,Patrang,880.11,Ground Truth
2024,6,Rambipuji,308.84,Ground Truth
2024,6,Sukowono,50.67,Ground Truth
2024,6,Sumbersari,1407.68,Ground Truth
2024,7,Ajung,303.89,Ground Truth
2024,7,Arjasa,128.4,Ground Truth
2024,7,Kalisat,234.55,Ground Truth
2024,7,Kaliwates,2191.56,Ground Truth
2024,7,Mayang,117.97,Ground Truth
2024,7,Pakusari,43.01,Ground Truth
2024,7,Patrang,896.31,Ground Truth
2024,7,Rambipuji,365.72,Ground Truth
2024,7,Sukowono,50.86,Ground Truth
2024,7,Sumbersari,1555.18,Ground Truth
2024,8,Ajung,301.2,Ground Truth
2024,8,Arjasa,130.41,Ground Truth
2024,8,Kalisat,230.11,Ground Truth
2024,8,Kaliwates,2272.53,Ground Truth
2024,8,Mayang,122.16,Ground Truth
2024,8,Pakusari,37.99,Ground Truth
2024,8,Patrang,908.31,Ground Truth
2024,8,Rambipuji,365.92,Ground Truth
2024,8,Sukowono,61.12,Ground Truth
2024,8,Sumbersari,1536.1,Ground Truth
2024,9,Ajung,262.98,Ground Truth
2024,9,Arjasa,148.0,Ground Truth
2024,9,Kalisat,242.58,Ground Truth
2024,9,Kaliwates,2385.75,Ground Truth
2024,9,Mayang,144.74,Ground Truth
2024,9,Pakusari,48.41,Ground Truth
2024,9,Patrang,953.57,Ground Truth
2024,9,Rambipuji,301.72,Ground Truth
2024,9,Sukowono,59.15,Ground Truth
2024,9,Sumbersari,1398.1,Ground Truth
2024,10,Ajung,292.53,Ground Truth
2024,10,Arjasa,147.18,Ground Truth
2024,10,Kalisat,234.8,Ground Truth
2024,10,Kaliwates,2291.68,Ground Truth
2024,10,Mayang,139.66,Ground Truth
2024,10,Pakusari,43.7,Ground Truth
2024,10,Patrang,958.06,Ground Truth
2024,10,Rambipuji,318.71,Ground Truth
2024,10,Sukowono,70.87,Ground Truth
2024,10,Sumbersari,1395.51,Ground Truth
2024,11,Ajung,279.71,Ground Truth
2024,11,Arjasa,139.78,Ground Truth
2024,11,Kalisat,232.11,Ground Truth
2024,11,Kaliwates,2191.64,Ground Truth
2024,11,Mayang,137.1,Ground Truth
2024,11,Pakusari,41.85,Ground Truth
2024,11,Patrang,885.85,Ground Truth
2024,11,Rambipuji,380.43,Ground Truth
2024,11,Sukowono,54.28,Ground Truth
2024,11,Sumbersari,1375.11,Ground Truth
2024,12,Ajung,294.4,Ground Truth
2024,12,Arjasa,147.42,Ground Truth
2024,12,Kalisat,242.13,Ground Truth
2024,12,Kaliwates,2314.59,Ground Truth
2024,12,Mayang,139.66,Ground Truth
2024,12,Pakusari,57.14,Ground Truth
2024,12,Patrang,959.29,Ground Truth
2024,12,Rambipuji,318.71,Ground Truth
2024,12,Sukowono,70.87,Ground Truth
2024,12,Sumbersari,1398.91,Ground Truth
2025,1,Ajung,297.79,Ground Truth
2025,1,Arjasa,148.32,Ground Truth
2025,1,Kalisat,226.94,Ground Truth
2025,1,Kaliwates,2287.99,Ground Truth
2025,1,Mayang,139.09,Ground Truth
2025,1,Pakusari,52.0,Ground Truth
2025,1,Patrang,993.61,Ground Truth
2025,1,Rambipuji,411.65,Ground Truth
2025,1,Sukowono,83.14,Ground Truth
2025,1,Sumbersari,1420.25,Ground Truth
2025,2,Ajung,274.02,Ground Truth
2025,2,Arjasa,136.35,Ground Truth
2025,2,Kalisat,215.76,Ground Truth
2025,2,Kaliwates,2117.08,Ground Truth
2025,2,Mayang,125.89,Ground Truth
2025,2,Pakusari,46.23,Ground Truth
2025,2,Patrang,897.27,Ground Truth
2025,2,Rambipuji,299.42,Ground Truth
2025,2,Sukowono,78.99,Ground Truth
2025,2,Sumbersari,1359.56,Ground Truth
2025,3,Ajung,297.17,Ground Truth
2025,3,Arjasa,140.47,Ground Truth
2025,3,Kalisat,229.98,Ground Truth
2025,3,Kaliwates,2355.85,Ground Truth
2025,3,Mayang,147.57,Ground Truth
2025,3,Pakusari,55.48,Ground Truth
2025,3,Patrang,996.94,Ground Truth
2025,3,Rambipuji,294.65,Ground Truth
2025,3,Sukowono,61.61,Ground Truth
2025,3,Sumbersari,1449.26,Ground Truth
2025,4,Ajung,285.21,Ground Truth
2025,4,Arjasa,144.7,Ground Truth
2025,4,Kalisat,233.15,Ground Truth
2025,4,Kaliwates,2307.8,Ground Truth
2025,4,Mayang,142.51,Ground Truth
2025,4,Pakusari,48.06,Ground Truth
2025,4,Patrang,837.09,Ground Truth
2025,4,Rambipuji,281.97,Ground Truth
2025,4,Sukowono,59.74,Ground Truth
2025,4,Sumbersari,1373.69,Ground Truth
2025,5,Ajung,293.42,Ground Truth
2025,5,Arjasa,146.63,Ground Truth
2025,5,Kalisat,233.29,Ground Truth
2025,5,Kaliwates,2432.66,Ground Truth
2025,5,Mayang,141.11,Ground Truth
2025,5,Pakusari,53.73,Ground Truth
2025,5,Patrang,915.76,Ground Truth
2025,5,Rambipuji,295.96,Ground Truth
2025,5,Sukowono,79.95,Ground Truth
2025,5,Sumbersari,1428.7,Ground Truth
2025,6,Ajung,284.31,Ground Truth
2025,6,Arjasa,157.05,Ground Truth
2025,6,Kalisat,233.36,Ground Truth
2025,6,Kaliwates,2336.45,Ground Truth
2025,6,Mayang,133.18,Ground Truth
2025,6,Pakusari,50.57,Ground Truth
2025,6,Patrang,884.19,Ground Truth
2025,6,Rambipuji,292.41,Ground Truth
2025,6,Sukowono,76.55,Ground Truth
2025,6,Sumbersari,1441.26,Ground Truth
2025,7,Ajung,305.35,Ground Truth
2025,7,Arjasa,158.29,Ground Truth
2025,7,Kalisat,238.85,Ground Truth
2025,7,Kaliwates,2376.6,Ground Truth
2025,7,Mayang,146.86,Ground Truth
2025,7,Pakusari,51.09,Ground Truth
2025,7,Patrang,911.73,Ground Truth
2025,7,Rambipuji,293.04,Ground Truth
2025,7,Sukowono,75.55,Ground Truth
2025,7,Sumbersari,1426.13,Ground Truth
2025,8,Ajung,298.09,Ground Truth
2025,8,Arjasa,154.9,Ground Truth
2025,8,Kalisat,236.77,Ground Truth
2025,8,Kaliwates,2373.35,Ground Truth
2025,8,Mayang,138.71,Ground Truth
2025,8,Pakusari,52.01,Ground Truth
2025,8,Patrang,911.43,Ground Truth
2025,8,Rambipuji,299.89,Ground Truth
2025,8,Sukowono,59.43,Ground Truth
2025,8,Sumbersari,1494.47,Ground Truth
2025,9,Ajung,291.42,Ground Truth
2025,9,Arjasa,150.9,Ground Truth
2025,9,Kalisat,228.59,Ground Truth
2025,9,Kaliwates,2321.15,Ground Truth
2025,9,Mayang,135.95,Ground Truth
2025,9,Pakusari,49.53,Ground Truth
2025,9,Patrang,886.88,Ground Truth
2025,9,Rambipuji,288.74,Ground Truth
2025,9,Sukowono,76.61,Ground Truth
2025,9,Sumbersari,1449.38,Ground Truth
2025,10,Ajung,315.68,Ground Truth
2025,10,Arjasa,156.37,Ground Truth
2025,10,Kalisat,231.3,Ground Truth
2025,10,Kaliwates,2443.41,Ground Truth
2025,10,Mayang,135.92,Ground Truth
2025,10,Pakusari,50.86,Ground Truth
2025,10,Patrang,940.95,Ground Truth
2025,10,Rambipuji,302.89,Ground Truth
2025,10,Sukowono,68.23,Ground Truth
2025,10,Sumbersari,1489.52,Ground Truth
2025,11,Ajung,298.35,Ground Truth
2025,11,Arjasa,149.0,Ground Truth
2025,11,Kalisat,205.84,Ground Truth
2025,11,Kaliwates,2357.33,Ground Truth
2025,11,Mayang,138.43,Ground Truth
2025,11,Pakusari,49.86,Ground Truth
2025,11,Patrang,877.99,Ground Truth
2025,11,Rambipuji,286.49,Ground Truth
2025,11,Sukowono,74.8,Ground Truth
2025,11,Sumbersari,1450.02,Ground Truth
2025,12,Ajung,298.62,Ground Truth
2025,12,Arjasa,156.43,Ground Truth
2025,12,Kalisat,234.46,Ground Truth
2025,12,Kaliwates,2427.65,Ground Truth
2025,12,Mayang,140.3,Ground Truth
2025,12,Pakusari,51.19,Ground Truth
2025,12,Patrang,933.69,Ground Truth
2025,12,Rambipuji,304.32,Ground Truth
2025,12,Sukowono,71.68,Ground Truth
2025,12,Sumbersari,1471.1,Ground Truth
2020,1,Ajung,35.79292763167386,Prediksi
2020,1,Arjasa,83.43923839285708,Prediksi
2020,1,Kalisat,161.05118857323234,Prediksi
2020,1,Kaliwates,1605.0397237031004,Prediksi
2020,1,Mayang,62.895668906926424,Prediksi
2020,1,Pakusari,54.19915801587301,Prediksi
2020,1,Patrang,606.261288313492,Prediksi
2020,1,Rambipuji,67.2857905880231,Prediksi
2020,1,Sukowono,41.426969781746045,Prediksi
2020,1,Sumbersari,1027.7060398611115,Prediksi
2020,2,Ajung,35.23445013167386,Prediksi
2020,2,Arjasa,78.19798072691192,Prediksi
2020,2,Kalisat,161.47966190656567,Prediksi
2020,2,Kaliwates,1605.0397237031004,Prediksi
2020,2,Mayang,63.05454890692642,Prediksi
2020,2,Pakusari,39.484519550865755,Prediksi
2020,2,Patrang,606.261288313492,Prediksi
2020,2,Rambipuji,71.52767308802308,Prediksi
2020,2,Sukowono,41.04356001984129,Prediksi
2020,2,Sumbersari,1006.246586051588,Prediksi
2020,3,Ajung,37.51290344516592,Prediksi
2020,3,Arjasa,77.42399709595954,Prediksi
2020,3,Kalisat,161.50042857323234,Prediksi
2020,3,Kaliwates,1610.5414682269102,Prediksi
2020,3,Mayang,73.77825483946611,Prediksi
2020,3,Pakusari,38.22203101911974,Prediksi
2020,3,Patrang,606.330125813492,Prediksi
2020,3,Rambipuji,108.58755840548345,Prediksi
2020,3,Sukowono,41.45821900793651,Prediksi
2020,3,Sumbersari,1023.5749266865082,Prediksi
2020,4,Ajung,38.45232674603173,Prediksi
2020,4,Arjasa,75.02497390151511,Prediksi
2020,4,Kalisat,155.08878082070706,Prediksi
2020,4,Kaliwates,1608.9517515602438,Prediksi
2020,4,Mayang,76.70524369588748,Prediksi
2020,4,Pakusari,39.925576177849905,Prediksi
2020,4,Patrang,595.3543046031747,Prediksi
2020,4,Rambipuji,117.00509248015877,Prediksi
2020,4,Sukowono,41.95339701118325,Prediksi
2020,4,Sumbersari,1002.9633783214286,Prediksi
2020,5,Ajung,39.10461644841268,Prediksi
2020,5,Arjasa,73.14153935786433,Prediksi
2020,5,Kalisat,154.912431773088,Prediksi
2020,5,Kaliwates,1602.81622175505,Prediksi
2020,5,Mayang,77.26830036255413,Prediksi
2020,5,Pakusari,40.194968400072135,Prediksi
2020,5,Patrang,594.0002361309525,Prediksi
2020,5,Rambipuji,115.4670101587302,Prediksi
2020,5,Sukowono,41.62830607864356,Prediksi
2020,5,Sumbersari,990.3330890476184,Prediksi
2020,6,Ajung,36.09885448412697,Prediksi
2020,6,Arjasa,75.45620019119767,Prediksi
2020,6,Kalisat,155.60778139610386,Prediksi
2020,6,Kaliwates,1607.4596466360024,Prediksi
2020,6,Mayang,68.59917109668113,Prediksi
2020,6,Pakusari,39.85532179292929,Prediksi
2020,6,Patrang,647.9929387133701,Prediksi
2020,6,Rambipuji,86.87366230158729,Prediksi
2020,6,Sukowono,41.65724590007214,Prediksi
2020,6,Sumbersari,985.0993432420629,Prediksi
2020,7,Ajung,33.90955948412699,Prediksi
2020,7,Arjasa,79.00451135101004,Prediksi
2020,7,Kalisat,155.72398645562768,Prediksi
2020,7,Kaliwates,1616.160639830447,Prediksi
2020,7,Mayang,66.82125645382399,Prediksi
2020,7,Pakusari,39.369294947691195,Prediksi
2020,7,Patrang,604.7772948298924,Prediksi
2020,7,Rambipuji,77.57522158730161,Prediksi
2020,7,Sukowono,41.84182111832611,Prediksi
2020,7,Sumbersari,993.7017785544725,Prediksi
2020,8,Ajung,30.521137281746036,Prediksi
2020,8,Arjasa,75.95556702561325,Prediksi
2020,8,Kalisat,156.14556645562766,Prediksi
2020,8,Kaliwates,1690.9579456800138,Prediksi
2020,8,Mayang,68.4119552633478,Prediksi
2020,8,Pakusari,40.85647887626263,Prediksi
2020,8,Patrang,602.7856906890333,Prediksi
2020,8,Rambipuji,78.97062146825397,Prediksi
2020,8,Sukowono,45.26810994769116,Prediksi
2020,8,Sumbersari,1000.9349519354248,Prediksi
2020,9,Ajung,30.234678353174605,Prediksi
2020,9,Arjasa,76.32739077561324,Prediksi
2020,9,Kalisat,161.80776986832603,Prediksi
2020,9,Kaliwates,1710.1192378030298,Prediksi
2020,9,Mayang,73.78387536255411,Prediksi
2020,9,Pakusari,41.78243720238096,Prediksi
2020,9,Patrang,648.9735586886724,Prediksi
2020,9,Rambipuji,99.8161921031746,Prediksi
2020,9,Sukowono,46.59626289682538,Prediksi
2020,9,Sumbersari,1014.4672261417743,Prediksi
2020,10,Ajung,30.359427103174603,Prediksi
2020,10,Arjasa,79.80929157647905,Prediksi
2020,10,Kalisat,170.7486474080086,Prediksi
2020,10,Kaliwates,1789.1233746085852,Prediksi
2020,10,Mayang,76.45305073953824,Prediksi
2020,10,Pakusari,45.75737768037518,Prediksi
2020,10,Patrang,678.1771349783548,Prediksi
2020,10,Rambipuji,98.82193873015869,Prediksi
2020,10,Sukowono,50.93224127705627,Prediksi
2020,10,Sumbersari,1089.106228066378,Prediksi
2020,11,Ajung,30.709411951659444,Prediksi
2020,11,Arjasa,77.78830026695526,Prediksi
2020,11,Kalisat,196.35367831349203,Prediksi
2020,11,Kaliwates,1808.7305608585846,Prediksi
2020,11,Mayang,80.48777412698409,Prediksi
2020,11,Pakusari,48.01904512085138,Prediksi
2020,11,Patrang,704.6056630735925,Prediksi
2020,11,Rambipuji,97.992279563492,Prediksi
2020,11,Sukowono,53.899050840548334,Prediksi
2020,11,Sumbersari,1136.634169931457,Prediksi
2020,12,Ajung,31.018059570707063,Prediksi
2020,12,Arjasa,77.62653651695527,Prediksi
2020,12,Kalisat,201.33618117063494,Prediksi
2020,12,Kaliwates,1846.4154831998544,Prediksi
2020,12,Mayang,80.75839692460315,Prediksi
2020,12,Pakusari,60.079740198412736,Prediksi
2020,12,Patrang,712.8213479112547,Prediksi
2020,12,Rambipuji,104.48921599206342,Prediksi
2020,12,Sukowono,54.53685072150071,Prediksi
2020,12,Sumbersari,1144.4802857647906,Prediksi
2021,1,Ajung,28.76666916666666,Prediksi
2021,1,Arjasa,89.12133456349201,Prediksi
2021,1,Kalisat,185.31401771825392,Prediksi
2021,1,Kaliwates,1812.0550989123387,Prediksi
2021,1,Mayang,78.4871423214286,Prediksi
2021,1,Pakusari,56.58740327380949,Prediksi
2021,1,Patrang,697.9992241468251,Prediksi
2021,1,Rambipuji,138.85834650974033,Prediksi
2021,1,Sukowono,55.96970455808085,Prediksi
2021,1,Sumbersari,1053.3445092943732,Prediksi
2021,2,Ajung,26.743198333333325,Prediksi
2021,2,Arjasa,86.02327738095234,Prediksi
2021,2,Kalisat,185.74249105158728,Prediksi
2021,2,Kaliwates,1812.0550989123387,Prediksi
2021,2,Mayang,71.85952442460321,Prediksi
2021,2,Pakusari,44.26780079365074,Prediksi
2021,2,Patrang,697.9992241468251,Prediksi
2021,2,Rambipuji,143.10399543831176,Prediksi
2021,2,Sukowono,55.96095098665227,Prediksi
2021,2,Sumbersari,1033.3474084451666,Prediksi
2021,3,Ajung,26.743198333333325,Prediksi
2021,3,Arjasa,85.04801761904756,Prediksi
2021,3,Kalisat,185.89453271825394,Prediksi
2021,3,Kaliwates,1816.6460722456718,Prediksi
2021,3,Mayang,71.99694722222223,Prediksi
2021,3,Pakusari,39.80466276785711,Prediksi
2021,3,Patrang,697.9992241468251,Prediksi
2021,3,Rambipuji,154.96688420815295,Prediksi
2021,3,Sukowono,56.76981489538242,Prediksi
2021,3,Sumbersari,1046.244696461039,Prediksi
2021,4,Ajung,27.076866309523798,Prediksi
2021,4,Arjasa,81.12279117063491,Prediksi
2021,4,Kalisat,176.76965523809523,Prediksi
2021,4,Kaliwates,1799.3564997474753,Prediksi
2021,4,Mayang,71.08554374999999,Prediksi
2021,4,Pakusari,40.80987669642855,Prediksi
2021,4,Patrang,685.4975486507938,Prediksi
2021,4,Rambipuji,154.40424147005774,Prediksi
2021,4,Sukowono,57.45752551046179,Prediksi
2021,4,Sumbersari,1038.7021560642136,Prediksi
2021,5,Ajung,26.06103541666667,Prediksi
2021,5,Arjasa,79.21186811507937,Prediksi
2021,5,Kalisat,172.43509865079375,Prediksi
2021,5,Kaliwates,1798.8546927994237,Prediksi
2021,5,Mayang,70.94351732142854,Prediksi
2021,5,Pakusari,40.52957039484126,Prediksi
2021,5,Patrang,681.2202413888891,Prediksi
2021,5,Rambipuji,141.76443736524917,Prediksi
2021,5,Sukowono,58.24807384379512,Prediksi
2021,5,Sumbersari,1039.95016023088,Prediksi
2021,6,Ajung,24.265154563492068,Prediksi
2021,6,Arjasa,83.02711865079364,Prediksi
2021,6,Kalisat,170.7148372420635,Prediksi
2021,6,Kaliwates,1804.591625974026,Prediksi
2021,6,Mayang,71.95651516774886,Prediksi
2021,6,Pakusari,39.99634351984127,Prediksi
2021,6,Patrang,680.797634623016,Prediksi
2021,6,Rambipuji,131.96326300016977,Prediksi
2021,6,Sukowono,59.4392200342713,Prediksi
2021,6,Sumbersari,1049.8856157539683,Prediksi
2021,7,Ajung,23.242720337301595,Prediksi
2021,7,Arjasa,84.75484939393937,Prediksi
2021,7,Kalisat,169.77858914682548,Prediksi
2021,7,Kaliwates,1803.6319263311689,Prediksi
2021,7,Mayang,73.35679207251079,Prediksi
2021,7,Pakusari,39.46824063492064,Prediksi
2021,7,Patrang,676.8893733134921,Prediksi
2021,7,Rambipuji,107.3605296127239,Prediksi
2021,7,Sukowono,61.677672573953835,Prediksi
2021,7,Sumbersari,1054.3179896626984,Prediksi
2021,8,Ajung,21.038463015873017,Prediksi
2021,8,Arjasa,83.68441050505045,Prediksi
2021,8,Kalisat,169.9829917658731,Prediksi
2021,8,Kaliwates,1854.479836136364,Prediksi
2021,8,Mayang,70.27204121031745,Prediksi
2021,8,Pakusari,42.80606327380955,Prediksi
2021,8,Patrang,678.2025414087303,Prediksi
2021,8,Rambipuji,97.44272598177153,Prediksi
2021,8,Sukowono,63.46478477633478,Prediksi
2021,8,Sumbersari,1054.7587696626981,Prediksi
2021,9,Ajung,21.3456378968254,Prediksi
2021,9,Arjasa,84.47437586219331,Prediksi
2021,9,Kalisat,173.82287807539677,Prediksi
2021,9,Kaliwates,1894.2442380609666,Prediksi
2021,9,Mayang,69.66524283730156,Prediksi
2021,9,Pakusari,41.791104523809565,Prediksi
2021,9,Patrang,691.7358913131314,Prediksi
2021,9,Rambipuji,101.63518568415246,Prediksi
2021,9,Sukowono,68.25587646284269,Prediksi
2021,9,Sumbersari,1082.3453773214285,Prediksi
2021,10,Ajung,21.4449753968254,Prediksi
2021,10,Arjasa,86.13128518759017,Prediksi
2021,10,Kalisat,180.1175831150793,Prediksi
2021,10,Kaliwates,1905.011234846681,Prediksi
2021,10,Mayang,72.43418557539681,Prediksi
2021,10,Pakusari,46.23471779942282,Prediksi
2021,10,Patrang,711.6619974044011,Prediksi
2021,10,Rambipuji,104.95252647546899,Prediksi
2021,10,Sukowono,67.3604018398268,Prediksi
2021,10,Sumbersari,1146.1500619444453,Prediksi
2021,11,Ajung,21.858043578643578,Prediksi
2021,11,Arjasa,84.70867524711397,Prediksi
2021,11,Kalisat,199.1352473015873,Prediksi
2021,11,Kaliwates,1914.8038622871575,Prediksi
2021,11,Mayang,72.62078374098125,Prediksi
2021,11,Pakusari,48.171136489899006,Prediksi
2021,11,Patrang,741.7588798647183,Prediksi
2021,11,Rambipuji,111.22876258658007,Prediksi
2021,11,Sukowono,63.80775450396822,Prediksi
2021,11,Sumbersari,1209.6502148015868,Prediksi
2021,12,Ajung,22.51890691197691,Prediksi
2021,12,Arjasa,84.60576774711397,Prediksi
2021,12,Kalisat,203.72642123015876,Prediksi
2021,12,Kaliwates,1943.282571215728,Prediksi
2021,12,Mayang,72.45901999098126,Prediksi
2021,12,Pakusari,61.01589859126986,Prediksi
2021,12,Patrang,746.755981369047,Prediksi
2021,12,Rambipuji,117.18167502705626,Prediksi
2021,12,Sukowono,61.996035753968236,Prediksi
2021,12,Sumbersari,1214.22941813492,Prediksi
2022,1,Ajung,260.5956976911975,Prediksi
2022,1,Arjasa,115.83389824481075,Prediksi
2022,1,Kalisat,230.95212318362195,Prediksi
2022,1,Kaliwates,2311.3798804920616,Prediksi
2022,1,Mayang,118.30622076465201,Prediksi
2022,1,Pakusari,66.76991999999997,Prediksi
2022,1,Patrang,919.9952937824669,Prediksi
2022,1,Rambipuji,285.3065608802306,Prediksi
2022,1,Sukowono,95.47711263888888,Prediksi
2022,1,Sumbersari,1511.3763301610752,Prediksi
2022,2,Ajung,258.88418239357856,Prediksi
2022,2,Arjasa,116.48085643925519,Prediksi
2022,2,Kalisat,229.46052435245315,Prediksi
2022,2,Kaliwates,2311.9215165873,Prediksi
2022,2,Mayang,117.6817235027472,Prediksi
2022,2,Pakusari,56.824362490703706,Prediksi
2022,2,Patrang,901.3516753499275,Prediksi
2022,2,Rambipuji,275.20897659271276,Prediksi
2022,2,Sukowono,96.57543656746033,Prediksi
2022,2,Sumbersari,1393.2417629130587,Prediksi
2022,3,Ajung,252.72746488095228,Prediksi
2022,3,Arjasa,117.36669189560438,Prediksi
2022,3,Kalisat,220.92618912518043,Prediksi
2022,3,Kaliwates,2327.114137281744,Prediksi
2022,3,Mayang,117.44870237179487,Prediksi
2022,3,Pakusari,45.818571437104545,Prediksi
2022,3,Patrang,940.2164551838712,Prediksi
2022,3,Rambipuji,239.04292908730156,Prediksi
2022,3,Sukowono,98.86717726190479,Prediksi
2022,3,Sumbersari,1436.1031815638523,Prediksi
2022,4,Ajung,288.89952058080814,Prediksi
2022,4,Arjasa,118.91740184401708,Prediksi
2022,4,Kalisat,232.35833076479082,Prediksi
2022,4,Kaliwates,2248.613696420635,Prediksi
2022,4,Mayang,123.11903740101562,Prediksi
2022,4,Pakusari,44.62708288948551,Prediksi
2022,4,Patrang,940.1988818624433,Prediksi
2022,4,Rambipuji,272.7150607738096,Prediksi
2022,4,Sukowono,97.60833011904766,Prediksi
2022,4,Sumbersari,1347.180538621573,Prediksi
2022,5,Ajung,316.9846494101733,Prediksi
2022,5,Arjasa,121.07868900396828,Prediksi
2022,5,Kalisat,234.70289566558446,Prediksi
2022,5,Kaliwates,2460.993099686504,Prediksi
2022,5,Mayang,124.70097046176045,Prediksi
2022,5,Pakusari,45.27424598797033,Prediksi
2022,5,Patrang,941.837545235459,Prediksi
2022,5,Rambipuji,294.77756545634935,Prediksi
2022,5,Sukowono,98.69343930555557,Prediksi
2022,5,Sumbersari,1394.4226439448057,Prediksi
2022,6,Ajung,448.1369343140195,Prediksi
2022,6,Arjasa,118.60068187842717,Prediksi
2022,6,Kalisat,233.00775102272743,Prediksi
2022,6,Kaliwates,2496.819325158727,Prediksi
2022,6,Mayang,123.36075824747472,Prediksi
2022,6,Pakusari,44.89602827566877,Prediksi
2022,6,Patrang,936.5433681719674,Prediksi
2022,6,Rambipuji,298.5248237698414,Prediksi
2022,6,Sukowono,98.04515906746028,Prediksi
2022,6,Sumbersari,1389.779553385282,Prediksi
2022,7,Ajung,347.66149800449585,Prediksi
2022,7,Arjasa,116.82340396969703,Prediksi
2022,7,Kalisat,234.90221245310258,Prediksi
2022,7,Kaliwates,2499.540730557537,Prediksi
2022,7,Mayang,122.86529729112551,Prediksi
2022,7,Pakusari,44.66180284348984,Prediksi
2022,7,Patrang,945.1620261005387,Prediksi
2022,7,Rambipuji,274.30735757936526,Prediksi
2022,7,Sukowono,98.17018363095238,Prediksi
2022,7,Sumbersari,1430.5777631630597,Prediksi
2022,8,Ajung,321.5053081601732,Prediksi
2022,8,Arjasa,121.81528148557005,Prediksi
2022,8,Kalisat,243.18264982142867,Prediksi
2022,8,Kaliwates,2474.766068571427,Prediksi
2022,8,Mayang,128.62084472510824,Prediksi
2022,8,Pakusari,51.17419065553892,Prediksi
2022,8,Patrang,969.2455648221498,Prediksi
2022,8,Rambipuji,233.5881978697693,Prediksi
2022,8,Sukowono,98.03552648809524,Prediksi
2022,8,Sumbersari,1412.440197079727,Prediksi
2022,9,Ajung,290.4493458189032,Prediksi
2022,9,Arjasa,119.99050300144303,Prediksi
2022,9,Kalisat,241.1804886111112,Prediksi
2022,9,Kaliwates,2449.2514504108935,Prediksi
2022,9,Mayang,122.11195219336221,Prediksi
2022,9,Pakusari,46.67800084096458,Prediksi
2022,9,Patrang,970.818658762626,Prediksi
2022,9,Rambipuji,228.8123580483407,Prediksi
2022,9,Sukowono,95.70177976190479,Prediksi
2022,9,Sumbersari,1411.3455233098857,Prediksi
2022,10,Ajung,282.06844153318906,Prediksi
2022,10,Arjasa,133.39493329365087,Prediksi
2022,10,Kalisat,244.7418116269842,Prediksi
2022,10,Kaliwates,2435.8042859704174,Prediksi
2022,10,Mayang,131.09723730699855,Prediksi
2022,10,Pakusari,50.50905736901987,Prediksi
2022,10,Patrang,971.8021629292925,Prediksi
2022,10,Rambipuji,220.19087463564227,Prediksi
2022,10,Sukowono,84.97138015873017,Prediksi
2022,10,Sumbersari,1422.5666725793662,Prediksi
2022,11,Ajung,281.07299974747474,Prediksi
2022,11,Arjasa,135.08793122474748,Prediksi
2022,11,Kalisat,244.24626865079378,Prediksi
2022,11,Kaliwates,2395.5647682218605,Prediksi
2022,11,Mayang,132.74214150793645,Prediksi
2022,11,Pakusari,52.77952000180376,Prediksi
2022,11,Patrang,984.4919928373015,Prediksi
2022,11,Rambipuji,220.3630014213566,Prediksi
2022,11,Sukowono,67.39568515873016,Prediksi
2022,11,Sumbersari,1440.0169645238102,Prediksi
2022,12,Ajung,282.59814974747474,Prediksi
2022,12,Arjasa,134.76648062950937,Prediksi
2022,12,Kalisat,244.74490043650803,Prediksi
2022,12,Kaliwates,2399.5498025551924,Prediksi
2022,12,Mayang,132.08078490079362,Prediksi
2022,12,Pakusari,67.79096509920636,Prediksi
2022,12,Patrang,985.4381589087302,Prediksi
2022,12,Rambipuji,222.78625225468994,Prediksi
2022,12,Sukowono,62.521441567460315,Prediksi
2022,12,Sumbersari,1507.7731158150182,Prediksi
2023,1,Ajung,250.98295088744587,Prediksi
2023,1,Arjasa,121.8245823214286,Prediksi
2023,1,Kalisat,217.7777438239538,Prediksi
2023,1,Kaliwates,2241.2765188055564,Prediksi
2023,1,Mayang,114.27537981660006,Prediksi
2023,1,Pakusari,73.41574717261902,Prediksi
2023,1,Patrang,965.6616639047617,Prediksi
2023,1,Rambipuji,276.3507341919191,Prediksi
2023,1,Sukowono,53.10767946428574,Prediksi
2023,1,Sumbersari,1504.744937623016,Prediksi
2023,2,Ajung,247.73866342532472,Prediksi
2023,2,Arjasa,126.71041255952385,Prediksi
2023,2,Kalisat,215.37149465728717,Prediksi
2023,2,Kaliwates,2235.375881984128,Prediksi
2023,2,Mayang,112.95293026573425,Prediksi
2023,2,Pakusari,58.72307776741313,Prediksi
2023,2,Patrang,938.4813652103178,Prediksi
2023,2,Rambipuji,248.35798151334774,Prediksi
2023,2,Sukowono,52.240997508741266,Prediksi
2023,2,Sumbersari,1375.0556547499996,Prediksi
2023,3,Ajung,237.45974976190485,Prediksi
2023,3,Arjasa,134.14741309314957,Prediksi
2023,3,Kalisat,211.3607476713565,Prediksi
2023,3,Kaliwates,2276.7614631904758,Prediksi
2023,3,Mayang,113.85561248001997,Prediksi
2023,3,Pakusari,46.86644962207727,Prediksi
2023,3,Patrang,983.7489909722227,Prediksi
2023,3,Rambipuji,240.97602888888886,Prediksi
2023,3,Sukowono,52.32889098457097,Prediksi
2023,3,Sumbersari,1423.390204234126,Prediksi
2023,4,Ajung,252.77528656024543,Prediksi
2023,4,Arjasa,135.9437500574353,Prediksi
2023,4,Kalisat,213.73220017135654,Prediksi
2023,4,Kaliwates,2220.9585654801604,Prediksi
2023,4,Mayang,115.96184627763905,Prediksi
2023,4,Pakusari,45.705204258982036,Prediksi
2023,4,Patrang,944.2725292301599,Prediksi
2023,4,Rambipuji,263.09737787698396,Prediksi
2023,4,Sukowono,55.522701659174146,Prediksi
2023,4,Sumbersari,1325.2348578989902,Prediksi
2023,5,Ajung,268.28691703643597,Prediksi
2023,5,Arjasa,136.27903206373784,Prediksi
2023,5,Kalisat,215.05467221500723,Prediksi
2023,5,Kaliwates,2379.722171304652,Prediksi
2023,5,Mayang,120.2094757193363,Prediksi
2023,5,Pakusari,48.294664595562125,Prediksi
2023,5,Patrang,934.7648263611119,Prediksi
2023,5,Rambipuji,282.76246529761886,Prediksi
2023,5,Sukowono,56.11989689726939,Prediksi
2023,5,Sumbersari,1361.8558036150798,Prediksi
2023,6,Ajung,406.2217448767897,Prediksi
2023,6,Arjasa,135.6494252635935,Prediksi
2023,6,Kalisat,208.05169731421358,Prediksi
2023,6,Kaliwates,2379.714625566558,Prediksi
2023,6,Mayang,116.98323368470423,Prediksi
2023,6,Pakusari,47.560063696752586,Prediksi
2023,6,Patrang,931.2923051071438,Prediksi
2023,6,Rambipuji,323.10709809523775,Prediksi
2023,6,Sukowono,54.84562328615828,Prediksi
2023,6,Sumbersari,1357.5827277936512,Prediksi
2023,7,Ajung,300.4072741625043,Prediksi
2023,7,Arjasa,131.48420700241024,Prediksi
2023,7,Kalisat,208.60988231601735,Prediksi
2023,7,Kaliwates,2369.2759802490978,Prediksi
2023,7,Mayang,116.78385950216452,Prediksi
2023,7,Pakusari,47.06431271695461,Prediksi
2023,7,Patrang,952.6690435227276,Prediksi
2023,7,Rambipuji,283.50567176587276,Prediksi
2023,7,Sukowono,54.72733113247862,Prediksi
2023,7,Sumbersari,1413.4146303730158,Prediksi
2023,8,Ajung,275.2508012301588,Prediksi
2023,8,Arjasa,135.36664364923564,Prediksi
2023,8,Kalisat,211.68256714285718,Prediksi
2023,8,Kaliwates,2329.130871777598,Prediksi
2023,8,Mayang,123.07500604329002,Prediksi
2023,8,Pakusari,52.19663342979733,Prediksi
2023,8,Patrang,970.3496897846317,Prediksi
2023,8,Rambipuji,303.09737737914844,Prediksi
2023,8,Sukowono,64.99059702533584,Prediksi
2023,8,Sumbersari,1394.6288530158731,Prediksi
2023,9,Ajung,249.34860980158737,Prediksi
2023,9,Arjasa,142.25716195010148,Prediksi
2023,9,Kalisat,223.3407122023811,Prediksi
2023,9,Kaliwates,2306.375318575397,Prediksi
2023,9,Mayang,120.52653641630586,Prediksi
2023,9,Pakusari,47.20278673427061,Prediksi
2023,9,Patrang,971.3023656298702,Prediksi
2023,9,Rambipuji,311.22525323232315,Prediksi
2023,9,Sukowono,65.82379839438347,Prediksi
2023,9,Sumbersari,1383.0874559603171,Prediksi
2023,10,Ajung,246.73779884920646,Prediksi
2023,10,Arjasa,145.72218287698422,Prediksi
2023,10,Kalisat,226.27977196428586,Prediksi
2023,10,Kaliwates,2321.2305708730155,Prediksi
2023,10,Mayang,134.15273329184703,Prediksi
2023,10,Pakusari,50.75035012893153,Prediksi
2023,10,Patrang,974.8765246576481,Prediksi
2023,10,Rambipuji,315.50211341089454,Prediksi
2023,10,Sukowono,67.5080508405484,Prediksi
2023,10,Sumbersari,1383.8848651170629,Prediksi
2023,11,Ajung,246.78986242063496,Prediksi
2023,11,Arjasa,150.35547366341996,Prediksi
2023,11,Kalisat,225.66491291666688,Prediksi
2023,11,Kaliwates,2311.1281137435085,Prediksi
2023,11,Mayang,136.73486960317462,Prediksi
2023,11,Pakusari,52.333492702191606,Prediksi
2023,11,Patrang,987.6376695386003,Prediksi
2023,11,Rambipuji,321.89743285714286,Prediksi
2023,11,Sukowono,67.38595332070712,Prediksi
2023,11,Sumbersari,1400.652284775793,Prediksi
2023,12,Ajung,248.40962194444452,Prediksi
2023,12,Arjasa,151.9105631277056,Prediksi
2023,12,Kalisat,226.77712728174617,Prediksi
2023,12,Kaliwates,2344.42957810065,Prediksi
2023,12,Mayang,136.20854132936515,Prediksi
2023,12,Pakusari,66.55737652777778,Prediksi
2023,12,Patrang,994.683993110029,Prediksi
2023,12,Rambipuji,324.37890571428574,Prediksi
2023,12,Sukowono,66.03750651515153,Prediksi
2023,12,Sumbersari,1488.9719266086693,Prediksi
2024,1,Ajung,494.30576925505056,Prediksi
2024,1,Arjasa,126.21353300901878,Prediksi
2024,1,Kalisat,226.54785172619052,Prediksi
2024,1,Kaliwates,2197.1573500674604,Prediksi
2024,1,Mayang,135.07965657287158,Prediksi
2024,1,Pakusari,70.66082535714284,Prediksi
2024,1,Patrang,939.1980327380955,Prediksi
2024,1,Rambipuji,296.67420240079366,Prediksi
2024,1,Sukowono,52.47763956349208,Prediksi
2024,1,Sumbersari,1504.6781327539686,Prediksi
2024,2,Ajung,488.7028864772725,Prediksi
2024,2,Arjasa,131.06688116378066,Prediksi
2024,2,Kalisat,225.238263452381,Prediksi
2024,2,Kaliwates,2184.828245329365,Prediksi
2024,2,Mayang,134.85372329906207,Prediksi
2024,2,Pakusari,51.01703441045066,Prediksi
2024,2,Patrang,903.9599845436516,Prediksi
2024,2,Rambipuji,260.5679884722224,Prediksi
2024,2,Sukowono,51.477629036519055,Prediksi
2024,2,Sumbersari,1373.6632838531746,Prediksi
2024,3,Ajung,492.20305193362185,Prediksi
2024,3,Arjasa,140.9239138997874,Prediksi
2024,3,Kalisat,225.6022695833334,Prediksi
2024,3,Kaliwates,2199.407063749999,Prediksi
2024,3,Mayang,138.02068302849935,Prediksi
2024,3,Pakusari,43.33611577738029,Prediksi
2024,3,Patrang,947.2676384325404,Prediksi
2024,3,Rambipuji,277.2979385119047,Prediksi
2024,3,Sukowono,51.47744873889999,Prediksi
2024,3,Sumbersari,1423.9677710753965,Prediksi
2024,4,Ajung,504.88704042568503,Prediksi
2024,4,Arjasa,143.44250190303413,Prediksi
2024,4,Kalisat,233.44054201659458,Prediksi
2024,4,Kaliwates,2151.3574007658735,Prediksi
2024,4,Mayang,138.6261275631314,Prediksi
2024,4,Pakusari,43.119370117928604,Prediksi
2024,4,Patrang,917.532078757937,Prediksi
2024,4,Rambipuji,295.1442764087301,Prediksi
2024,4,Sukowono,56.47977566350316,Prediksi
2024,4,Sumbersari,1350.5843614191922,Prediksi
2024,5,Ajung,569.9186476082249,Prediksi
2024,5,Arjasa,143.3768887307653,Prediksi
2024,5,Kalisat,233.93263284992787,Prediksi
2024,5,Kaliwates,2269.0444791785694,Prediksi
2024,5,Mayang,138.83321422979807,Prediksi
2024,5,Pakusari,45.36954583221436,Prediksi
2024,5,Patrang,919.5175494722226,Prediksi
2024,5,Rambipuji,311.759647222222,Prediksi
2024,5,Sukowono,57.393308401598375,Prediksi
2024,5,Sumbersari,1411.081737500361,Prediksi
2024,6,Ajung,907.2222163811188,Prediksi
2024,6,Arjasa,139.72326452044774,Prediksi
2024,6,Kalisat,233.86961695707072,Prediksi
2024,6,Kaliwates,2279.0998285912674,Prediksi
2024,6,Mayang,133.17198300324677,Prediksi
2024,6,Pakusari,44.992413046500076,Prediksi
2024,6,Patrang,908.1296812234432,Prediksi
2024,6,Rambipuji,358.5935080158729,Prediksi
2024,6,Sukowono,56.12815959207456,Prediksi
2024,6,Sumbersari,1408.5587794170278,Prediksi
2024,7,Ajung,589.7305136827063,Prediksi
2024,7,Arjasa,134.33936604101058,Prediksi
2024,7,Kalisat,235.27289116341993,Prediksi
2024,7,Kaliwates,2272.780740632934,Prediksi
2024,7,Mayang,128.99417708333334,Prediksi
2024,7,Pakusari,43.66651690761121,Prediksi
2024,7,Patrang,911.2429383147132,Prediksi
2024,7,Rambipuji,331.3944254960316,Prediksi
2024,7,Sukowono,56.18454986263733,Prediksi
2024,7,Sumbersari,1445.158449007216,Prediksi
2024,8,Ajung,440.30365992063474,Prediksi
2024,8,Arjasa,136.2488067787451,Prediksi
2024,8,Kalisat,238.2741445436508,Prediksi
2024,8,Kaliwates,2278.2546873313468,Prediksi
2024,8,Mayang,130.16527521825395,Prediksi
2024,8,Pakusari,43.994287437192725,Prediksi
2024,8,Patrang,918.8863759218564,Prediksi
2024,8,Rambipuji,339.9721304545454,Prediksi
2024,8,Sukowono,63.06323726343108,Prediksi
2024,8,Sumbersari,1457.3810212572146,Prediksi
2024,9,Ajung,374.5212564285713,Prediksi
2024,9,Arjasa,144.72886831373785,Prediksi
2024,9,Kalisat,237.54626323412703,Prediksi
2024,9,Kaliwates,2291.6334931527767,Prediksi
2024,9,Mayang,137.373428452381,Prediksi
2024,9,Pakusari,43.925410990223035,Prediksi
2024,9,Patrang,931.1083778174609,Prediksi
2024,9,Rambipuji,336.6182427561329,Prediksi
2024,9,Sukowono,63.57474047771679,Prediksi
2024,9,Sumbersari,1438.9115396302304,Prediksi
2024,10,Ajung,346.33206273809526,Prediksi
2024,10,Arjasa,145.4402555555557,Prediksi
2024,10,Kalisat,238.62413999999998,Prediksi
2024,10,Kaliwates,2294.3287936706342,Prediksi
2024,10,Mayang,138.53946656746038,Prediksi
2024,10,Pakusari,45.32428720955925,Prediksi
2024,10,Patrang,935.6278676388895,Prediksi
2024,10,Rambipuji,338.883916446609,Prediksi
2024,10,Sukowono,66.53996510642139,Prediksi
2024,10,Sumbersari,1431.0813177453101,Prediksi
2024,11,Ajung,345.7681206746032,Prediksi
2024,11,Arjasa,148.54348544913432,Prediksi
2024,11,Kalisat,237.15281702380955,Prediksi
2024,11,Kaliwates,2292.2653660450933,Prediksi
2024,11,Mayang,139.38809013347773,Prediksi
2024,11,Pakusari,47.10047041773997,Prediksi
2024,11,Patrang,942.758830853175,Prediksi
2024,11,Rambipuji,343.1866623214287,Prediksi
2024,11,Sukowono,66.95231520562774,Prediksi
2024,11,Sumbersari,1421.4740216738815,Prediksi
2024,12,Ajung,349.5289748412698,Prediksi
2024,12,Arjasa,150.09396943722948,Prediksi
2024,12,Kalisat,237.90856577380956,Prediksi
2024,12,Kaliwates,2304.3990152950932,Prediksi
2024,12,Mayang,139.5302110660174,Prediksi
2024,12,Pakusari,64.47724539682542,Prediksi
2024,12,Patrang,953.4849152579369,Prediksi
2024,12,Rambipuji,343.291295654762,Prediksi
2024,12,Sukowono,66.66242966991345,Prediksi
2024,12,Sumbersari,1490.909888976995,Prediksi
2025,1,Ajung,306.5867710714285,Prediksi
2025,1,Arjasa,139.56502440476194,Prediksi
2025,1,Kalisat,226.18385063492056,Prediksi
2025,1,Kaliwates,2236.4254576150793,Prediksi
2025,1,Mayang,136.50282895382404,Prediksi
2025,1,Pakusari,70.21071508116881,Prediksi
2025,1,Patrang,946.7405364610386,Prediksi
2025,1,Rambipuji,319.55444253968255,Prediksi
2025,1,Sukowono,75.31178777777777,Prediksi
2025,1,Sumbersari,1502.0666716527785,Prediksi
2025,2,Ajung,275.6046402777778,Prediksi
2025,2,Arjasa,140.55493791666674,Prediksi
2025,2,Kalisat,223.40340503968255,Prediksi
2025,2,Kaliwates,2228.836754126984,Prediksi
2025,2,Mayang,135.88076085858594,Prediksi
2025,2,Pakusari,56.66753721139968,Prediksi
2025,2,Patrang,913.6353585046897,Prediksi
2025,2,Rambipuji,284.76761206349215,Prediksi
2025,2,Sukowono,73.23703498015874,Prediksi
2025,2,Sumbersari,1379.6359287698413,Prediksi
2025,3,Ajung,282.63728501984104,Prediksi
2025,3,Arjasa,144.2432068431496,Prediksi
2025,3,Kalisat,222.34930113095237,Prediksi
2025,3,Kaliwates,2266.9844014880937,Prediksi
2025,3,Mayang,141.41169818514095,Prediksi
2025,3,Pakusari,51.526604588383805,Prediksi
2025,3,Patrang,954.4258895761185,Prediksi
2025,3,Rambipuji,287.9978617063491,Prediksi
2025,3,Sukowono,69.55212206349205,Prediksi
2025,3,Sumbersari,1425.4419588654391,Prediksi
2025,4,Ajung,287.7458007936506,Prediksi
2025,4,Arjasa,145.35410207763735,Prediksi
2025,4,Kalisat,227.81466261904768,Prediksi
2025,4,Kaliwates,2222.5825121468256,Prediksi
2025,4,Mayang,142.40435674755074,Prediksi
2025,4,Pakusari,50.648620581349185,Prediksi
2025,4,Patrang,924.0569510840548,Prediksi
2025,4,Rambipuji,292.1576278968252,Prediksi
2025,4,Sukowono,68.6376840079365,Prediksi
2025,4,Sumbersari,1373.4088977330443,Prediksi
2025,5,Ajung,295.93378843253953,Prediksi
2025,5,Arjasa,145.85738081013037,Prediksi
2025,5,Kalisat,228.70245511724386,Prediksi
2025,5,Kaliwates,2374.514897397364,Prediksi
2025,5,Mayang,142.4622244261222,Prediksi
2025,5,Pakusari,51.614993126442975,Prediksi
2025,5,Patrang,919.2450533062771,Prediksi
2025,5,Rambipuji,299.5909255753968,Prediksi
2025,5,Sukowono,71.608801984127,Prediksi
2025,5,Sumbersari,1425.9902272546897,Prediksi
2025,6,Ajung,392.7887797252747,Prediksi
2025,6,Arjasa,146.07245009584466,Prediksi
2025,6,Kalisat,226.0694916847041,Prediksi
2025,6,Kaliwates,2377.1293815918098,Prediksi
2025,6,Mayang,139.55603196941226,Prediksi
2025,6,Pakusari,50.89529909072868,Prediksi
2025,6,Patrang,907.3003387479739,Prediksi
2025,6,Rambipuji,338.5152759722221,Prediksi
2025,6,Sukowono,71.60709388888887,Prediksi
2025,6,Sumbersari,1426.4476005165945,Prediksi
2025,7,Ajung,304.1602043681316,Prediksi
2025,7,Arjasa,150.27575694649389,Prediksi
2025,7,Kalisat,226.7054049188311,Prediksi
2025,7,Kaliwates,2375.8212676195876,Prediksi
2025,7,Mayang,138.20732291457819,Prediksi
2025,7,Pakusari,50.61215251605336,Prediksi
2025,7,Patrang,909.6033245892442,Prediksi
2025,7,Rambipuji,293.5473112896824,Prediksi
2025,7,Sukowono,70.9522854365079,Prediksi
2025,7,Sumbersari,1449.1778783171003,Prediksi
2025,8,Ajung,297.8890920815293,Prediksi
2025,8,Arjasa,151.44961193026018,Prediksi
2025,8,Kalisat,226.00509015692623,Prediksi
2025,8,Kaliwates,2358.6285603484853,Prediksi
2025,8,Mayang,137.4324366844194,Prediksi
2025,8,Pakusari,52.42328738780666,Prediksi
2025,8,Patrang,917.1795784940061,Prediksi
2025,8,Rambipuji,296.6110192243866,Prediksi
2025,8,Sukowono,70.19686464285711,Prediksi
2025,8,Sumbersari,1473.7982831583693,Prediksi
2025,9,Ajung,297.105084700577,Prediksi
2025,9,Arjasa,152.121741989784,Prediksi
2025,9,Kalisat,227.60291218073584,Prediksi
2025,9,Kaliwates,2348.935682384379,Prediksi
2025,9,Mayang,139.00678779553058,Prediksi
2025,9,Pakusari,49.537109471139956,Prediksi
2025,9,Patrang,928.5879531349206,Prediksi
2025,9,Rambipuji,296.00359676406913,Prediksi
2025,9,Sukowono,71.4552455952381,Prediksi
2025,9,Sumbersari,1464.6792316107508,Prediksi
2025,10,Ajung,303.6566612680375,Prediksi
2025,10,Arjasa,152.82839566017324,Prediksi
2025,10,Kalisat,226.6764167640692,Prediksi
2025,10,Kaliwates,2372.639285251443,Prediksi
2025,10,Mayang,138.68366763888898,Prediksi
2025,10,Pakusari,50.7639336598124,Prediksi
2025,10,Patrang,933.2014662896826,Prediksi
2025,10,Rambipuji,301.1953016648629,Prediksi
2025,10,Sukowono,71.03828529761905,Prediksi
2025,10,Sumbersari,1459.8219237536075,Prediksi
2025,11,Ajung,302.53401583152953,Prediksi
2025,11,Arjasa,154.23169150613276,Prediksi
2025,11,Kalisat,224.8342123989898,Prediksi
2025,11,Kaliwates,2362.9967824379537,Prediksi
2025,11,Mayang,139.2003723160174,Prediksi
2025,11,Pakusari,51.58283554473305,Prediksi
2025,11,Patrang,941.6717582539682,Prediksi
2025,11,Rambipuji,300.7229046807359,Prediksi
2025,11,Sukowono,70.43661511904762,Prediksi
2025,11,Sumbersari,1447.1172735750358,Prediksi
2025,12,Ajung,304.6678866648628,Prediksi
2025,12,Arjasa,155.4734790656565,Prediksi
2025,12,Kalisat,225.85902779761898,Prediksi
2025,12,Kaliwates,2382.8694173744616,Prediksi
2025,12,Mayang,139.50297801046187,Prediksi
2025,12,Pakusari,65.75586569444447,Prediksi
2025,12,Patrang,952.1032268253967,Prediksi
2025,12,Rambipuji,302.12989551406923,Prediksi
2025,12,Sukowono,70.00514748015873,Prediksi
2025,12,Sumbersari,1500.131077644023,Prediksi
2026,1,Ajung,307.79947660714276,Forecast
2026,2,Ajung,275.58129212301594,Forecast
2026,3,Ajung,286.8955705952379,Forecast
2026,4,Ajung,294.8883536309523,Forecast
2026,5,Ajung,306.7512489484125,Forecast
2026,6,Ajung,406.6780056776557,Forecast
2026,7,Ajung,324.64045399114764,Forecast
2026,8,Ajung,317.8415382738093,Forecast
2026,9,Ajung,315.06791882936494,Forecast
2026,10,Ajung,318.89352499999995,Forecast
2026,11,Ajung,318.1155367460316,Forecast
2026,12,Ajung,319.26146591269827,Forecast
2026,1,Arjasa,108.16618178571423,Forecast
2026,2,Arjasa,104.94291119047617,Forecast
2026,3,Arjasa,102.88649974347635,Forecast
2026,4,Arjasa,103.41289324780533,Forecast
2026,5,Arjasa,104.62057550410783,Forecast
2026,6,Arjasa,104.56132395648879,Forecast
2026,7,Arjasa,106.3154740333286,Forecast
2026,8,Arjasa,108.38433112026947,Forecast
2026,9,Arjasa,108.03823542582506,Forecast
2026,10,Arjasa,109.54072665573807,Forecast
2026,11,Arjasa,110.97045893568027,Forecast
2026,12,Arjasa,116.7482476623376,Forecast
2026,1,Kalisat,287.6994700992061,Forecast
2026,2,Kalisat,275.8140802182539,Forecast
2026,3,Kalisat,281.33977628968245,Forecast
2026,4,Kalisat,285.4404226587301,Forecast
2026,5,Kalisat,294.66860498015853,Forecast
2026,6,Kalisat,345.97713134920616,Forecast
2026,7,Kalisat,300.9323005158729,Forecast
2026,8,Kalisat,290.4934859920633,Forecast
2026,9,Kalisat,279.6866091468252,Forecast
2026,10,Kalisat,275.8250993253966,Forecast
2026,11,Kalisat,274.75249309523787,Forecast
2026,12,Kalisat,275.1079755357141,Forecast
2026,1,Kaliwates,2205.9669731388885,Forecast
2026,2,Kaliwates,2194.4463117341265,Forecast
2026,3,Kaliwates,2210.4648818214278,Forecast
2026,4,Kaliwates,2168.5744354206345,Forecast
2026,5,Kaliwates,2280.348443216268,Forecast
2026,6,Kaliwates,2289.980561283728,Forecast
2026,7,Kaliwates,2289.7039108492045,Forecast
2026,8,Kaliwates,2299.6770603134905,Forecast
2026,9,Kaliwates,2316.2728424206343,Forecast
2026,10,Kaliwates,2324.9065941865074,Forecast
2026,11,Kaliwates,2323.9983465252526,Forecast
2026,12,Kaliwates,2328.6639848347763,Forecast
2026,1,Mayang,137.2760820490621,Forecast
2026,2,Mayang,136.40955062049068,Forecast
2026,3,Mayang,141.00616889942668,Forecast
2026,4,Mayang,141.676528533265,Forecast
2026,5,Mayang,141.72801787850315,Forecast
2026,6,Mayang,138.41026095750746,Forecast
2026,7,Mayang,136.99572944235595,Forecast
2026,8,Mayang,136.47110279553053,Forecast
2026,9,Mayang,138.71357926378454,Forecast
2026,10,Mayang,138.48714244047625,Forecast
2026,11,Mayang,139.14376100649358,Forecast
2026,12,Mayang,139.43636670093804,Forecast
2026,1,Pakusari,69.14522083333331,Forecast
2026,2,Pakusari,50.90401195165944,Forecast
2026,3,Pakusari,47.249140225468956,Forecast
2026,4,Pakusari,46.99041535173156,Forecast
2026,5,Pakusari,47.99004916125539,Forecast
2026,6,Pakusari,47.74648392316017,Forecast
2026,7,Pakusari,46.871968360389616,Forecast
2026,8,Pakusari,46.71845919372295,Forecast
2026,9,Pakusari,47.111648035714296,Forecast
2026,10,Pakusari,47.37618215187593,Forecast
2026,11,Pakusari,48.23481786616165,Forecast
2026,12,Pakusari,64.43277658730162,Forecast
2026,1,Patrang,954.7133327110386,Forecast
2026,2,Patrang,923.6351192983406,Forecast
2026,3,Patrang,960.5853058856424,Forecast
2026,4,Patrang,932.2438095364358,Forecast
2026,5,Patrang,926.8662298538962,Forecast
2026,6,Patrang,915.3763091051168,Forecast
2026,7,Patrang,917.9742611765455,Forecast
2026,8,Patrang,925.498298414641,Forecast
2026,9,Patrang,936.7853313888885,Forecast
2026,10,Patrang,946.8073443055553,Forecast
2026,11,Patrang,956.4596804365076,Forecast
2026,12,Patrang,966.3952240079362,Forecast
2026,1,Rambipuji,317.4485389087302,Forecast
2026,2,Rambipuji,281.87742347222235,Forecast
2026,3,Rambipuji,290.0233351785714,Forecast
2026,4,Rambipuji,297.2072319642857,Forecast
2026,5,Rambipuji,309.78722785714274,Forecast
2026,6,Rambipuji,352.2585103571428,Forecast
2026,7,Rambipuji,316.08515684523803,Forecast
2026,8,Rambipuji,318.94314865079355,Forecast
2026,9,Rambipuji,316.727473531746,Forecast
2026,10,Rambipuji,320.3264500198412,Forecast
2026,11,Rambipuji,319.8460060515872,Forecast
2026,12,Rambipuji,320.06164355158717,Forecast
2026,1,Sukowono,70.51065545634918,Forecast
2026,2,Sukowono,68.29400682539678,Forecast
2026,3,Sukowono,65.33212057539674,Forecast
2026,4,Sukowono,65.60794244047615,Forecast
2026,5,Sukowono,68.41570553571427,Forecast
2026,6,Sukowono,68.44333255952375,Forecast
2026,7,Sukowono,68.25527077380946,Forecast
2026,8,Sukowono,67.68010876984127,Forecast
2026,9,Sukowono,68.76290115079365,Forecast
2026,10,Sukowono,69.25184015873016,Forecast
2026,11,Sukowono,69.29971033730159,Forecast
2026,12,Sukowono,69.93651063492065,Forecast
2026,1,Sumbersari,1502.0666716527785,Forecast
2026,2,Sumbersari,1379.6359287698413,Forecast
2026,3,Sumbersari,1425.4419588654391,Forecast
2026,4,Sumbersari,1373.4088977330443,Forecast
2026,5,Sumbersari,1425.9902272546897,Forecast
2026,6,Sumbersari,1426.4476005165945,Forecast
2026,7,Sumbersari,1449.1778783171003,Forecast
2026,8,Sumbersari,1473.7982831583693,Forecast
2026,9,Sumbersari,1464.6792316107508,Forecast
2026,10,Sumbersari,1459.8219237536075,Forecast
2026,11,Sumbersari,1447.1172735750358,Forecast
2026,12,Sumbersari,1500.131077644023,Forecast
